schema_version,query_id,query_text,cluster,intent,source_types,first_seen_at,last_measured_at,latest_wordstat_measurement_id,latest_serp_measurement_id,latest_alice_measurement_id,evidence_observation_ids,wordstat_status,wordstat_broad_30d,wordstat_broad_30d_status,wordstat_phrase_30d,wordstat_phrase_30d_status,wordstat_exact_30d,wordstat_exact_30d_status,wordstat_mobile_30d,wordstat_mobile_30d_status,wordstat_desktop_30d,wordstat_desktop_30d_status,wordstat_region,wordstat_dynamics_status,wordstat_related_status,serp_status,serp_measured_at,serp_region,serp_device,serp_top10_status,serp_marketplace_presence,serp_independent_presence,serp_info_presence,serp_product_block,alice_status,alice_input,alice_observed_at,alice_answer_present,alice_answer_status,alice_source_domains,alice_source_urls,alice_fanout_observed,alice_fanout_inferred,webmaster_search_status,webmaster_search_impressions,webmaster_search_clicks,webmaster_search_ctr,webmaster_avg_position,webmaster_landing_url,webmaster_alice_status,webmaster_alice_presence,webmaster_alice_sov,webmaster_alice_source_page,customer_evidence_status,marketplace_evidence_status,human_demand_H,alice_importance_A,commercial_value_C,owned_asset_value_O,page_job,target_cta,commerce_status,direct_orders,direct_revenue,direct_margin,ozon_outbound_clicks,wb_outbound_clicks,attributed_marketplace_sales,decision_status,decision_reason,notes
1.1,q_a7bcbc7f088c,оберег печать велеса,product_core,commercial_research,SEED;WORDSTAT,2026-08-04,2026-08-10,m_wordstat_20260804_0ec6b952,,,,MEASURED,198,MEASURED,,,,,,,,,225,NOT_MEASURED,MEASURED,NOT_MEASURED,,,,,,,,,NOT_MEASURED,,,,,,,,,NOT_APPLICABLE,,,,,,NOT_APPLICABLE,,,,NOT_MEASURED,NOT_MEASURED,PROVISIONAL_MEDIUM,NOT_ASSESSED,NOT_ASSESSED,NOT_ASSESSED,,,NOT_APPLICABLE,,,,,,,PENDING_ROADMAP_05,GetTop confirms a real but narrower human-demand cluster around the exact root; R2 primary did not separately measure this wording.,Broad 30d totalCount=198; retained from validated legacy Wordstat evidence.
1.1,q_45793464bf62,подвеска печать велеса,product_core,commercial_research,SEED;WORDSTAT,2026-08-04,2026-08-10,m_wordstat_20260805_12d50a1c,,,,MEASURED,80,MEASURED,,,,,,,,,225,NOT_MEASURED,MEASURED,NOT_MEASURED,,,,,,,,,NOT_MEASURED,,,,,,,,,NOT_APPLICABLE,,,,,,NOT_APPLICABLE,,,,NOT_MEASURED,NOT_MEASURED,PROVISIONAL_LOW,NOT_ASSESSED,NOT_ASSESSED,NOT_ASSESSED,,,NOT_APPLICABLE,,,,,,,PENDING_ROADMAP_05,Narrow product-form demand exists; no separate R2 Search/Alice measurement for this wording.,Broad totalCount=80; commercial child buy=8 and silver qualifier=20 in legacy evidence.
1.1,q_b3389c7563b6,печать велеса медвежья лапа,product_variant,commercial_research,SEED;WORDSTAT,2026-08-04,2026-08-10,m_wordstat_20260805_946e9aeb,,,,MEASURED,343,MEASURED,,,,,,,,,225,NOT_MEASURED,MEASURED,NOT_MEASURED,,,,,,,,,NOT_MEASURED,,,,,,,,,NOT_APPLICABLE,,,,,,NOT_APPLICABLE,,,,NOT_MEASURED,NOT_MEASURED,PROVISIONAL_MEDIUM,NOT_ASSESSED,NOT_ASSESSED,NOT_ASSESSED,,,NOT_APPLICABLE,,,,,,,PENDING_ROADMAP_05,Meaning and purchase-oriented bear-paw subcluster exists; not separately measured in R2.,"Broad=343; meaning child=147, purchase child=23, silver+buy=17, tattoo=28."
1.1,q_31806ca53d61,печать велеса волчья лапа,product_variant,commercial_research,SEED;WORDSTAT,2026-08-04,2026-08-10,m_wordstat_20260805_8799de8a,,,,MEASURED,129,MEASURED,,,,,,,,,225,NOT_MEASURED,MEASURED,NOT_MEASURED,,,,,,,,,NOT_MEASURED,,,,,,,,,NOT_APPLICABLE,,,,,,NOT_APPLICABLE,,,,NOT_MEASURED,NOT_MEASURED,PROVISIONAL_LOW,NOT_ASSESSED,NOT_ASSESSED,NOT_ASSESSED,,,NOT_APPLICABLE,,,,,,,PENDING_ROADMAP_05,Narrow wolf-paw subcluster dominated by meaning-oriented children; not separately measured in R2.,"Broad=129; meaning child=58, male=30, female=12, tattoo=4."
1.1,q_4ab5a09494a0,печать велеса в машину,automotive,commercial_research,SEED;WORDSTAT,2026-08-04,2026-08-10,m_wordstat_20260805_5ea42d6a,,,,MEASURED,5,MEASURED,,,,,,,,,225,NOT_MEASURED,MEASURED,NOT_MEASURED,,,,,,,,,NOT_MEASURED,,,,,,,,,NOT_APPLICABLE,,,,,,NOT_APPLICABLE,,,,NOT_MEASURED,NOT_MEASURED,PROVISIONAL_LOW,NOT_ASSESSED,NOT_ASSESSED,NOT_ASSESSED,,,NOT_APPLICABLE,,,,,,,PENDING_ROADMAP_05,Very small exact symbol+car wording; broader automotive roots are materially larger.,Broad=5; final R1 also reports 5.
1.1,q_dec36683e8e1,славянский оберег в машину,automotive,commercial_research,SEED;WORDSTAT,2026-08-04,2026-08-10,m_wordstat_20260805_a164a34f,,,,MEASURED,72,MEASURED,,,,,,,,,225,NOT_MEASURED,MEASURED,NOT_MEASURED,,,,,,,,,NOT_MEASURED,,,,,,,,,NOT_APPLICABLE,,,,,,NOT_APPLICABLE,,,,NOT_MEASURED,NOT_MEASURED,PROVISIONAL_LOW,NOT_ASSESSED,NOT_ASSESSED,NOT_ASSESSED,,,NOT_APPLICABLE,,,,,,,PENDING_ROADMAP_05,Narrow but real Slavic automotive subcluster; broader automotive root is stronger.,Historical/broad signal=72; retained from validated Wordstat evidence.
1.1,q_f87efd71ce50,медвежья и волчья печать велеса отличие,comparison,commercial_research,SEED;WORDSTAT,2026-08-04,2026-08-10,m_wordstat_20260806_d82b2010,,,,MEASURED,1,MEASURED,,,,,,,,,225,NOT_MEASURED,NOT_AVAILABLE,NOT_MEASURED,,,,,,,,,NOT_MEASURED,,,,,,,,,NOT_APPLICABLE,,,,,,NOT_APPLICABLE,,,,NOT_MEASURED,NOT_MEASURED,PROVISIONAL_LOW,NOT_ASSESSED,NOT_ASSESSED,NOT_ASSESSED,,,NOT_APPLICABLE,,,,,,,PENDING_ROADMAP_05,Very small direct comparison root; no separate R2 measurement.,Broad=1; no child/association inference.
1.1,q_5b5d025fa1c6,какой оберег выбрать в машину,automotive_choice,commercial_research,SEED;WORDSTAT,2026-08-04,2026-08-10,m_wordstat_20260810_62413d0f,,,,MEASURED,12,MEASURED,,,,,,,,,225,NOT_MEASURED,MEASURED,NOT_MEASURED,,,,,,,,,NOT_MEASURED,,,,,,,,,NOT_APPLICABLE,,,,,,NOT_APPLICABLE,,,,NOT_MEASURED,NOT_MEASURED,PROVISIONAL_LOW,NOT_ASSESSED,NOT_ASSESSED,NOT_ASSESSED,,,NOT_APPLICABLE,,,,,,,PENDING_ROADMAP_05,Small but direct automotive-choice signal; broader `оберег в машину` Alice already covers choice/use-case.,Broad=12; relevant child `обереги в машину какой лучше выбрать`=12.
1.1,q_806670c30a84,славянские обереги,slavic_category,commercial_research,WORDSTAT;SERP_QUERY;BROWSER_SERP;ALICE,2026-08-04,2026-08-26,,m_yandex_serp_20260826_a794a881,m_alice_20260826T0723Z_0358554a,,MEASURED,25737,MEASURED,2987,MEASURED,,NOT_MEASURED,22563,MEASURED,2869,MEASURED,225,NOT_MEASURED,NOT_MEASURED,MEASURED,2026-08-26,225,,MEASURED,YES,YES,YES,NOT_OBSERVED,MEASURED,славянские обереги,2026-08-26,YES,MEASURED,,,NOT_OBSERVED,NO,NOT_APPLICABLE,,,,,,NOT_APPLICABLE,,,,NOT_MEASURED,NOT_MEASURED,HIGH,HIGH,HIGH,HIGH,,,NOT_APPLICABLE,,,,,,,KEEP,"Stage 05: core Slavic category opportunity; high demand, strong specialist Search/touch competition and high Alice/source usefulness.","R1 final values are canonical; exact final Wordstat measurement_id not backfilled. Desktop: 3 top Promo. Touch/emulated-mobile: no top Promo; simvolroda.ru #1, Images, slavyanskieoberegi.ru #2; embedded Alice not observed."
1.1,q_e624da6cb26d,печать велеса,product_core,commercial_research,SEED;WORDSTAT;SERP_QUERY;BROWSER_SERP;ALICE,2026-08-04,2026-08-26,,m_yandex_serp_20260826_49ab5424,m_alice_20260826T0734Z_e624da6c,,MEASURED,3330,MEASURED,802,MEASURED,,NOT_MEASURED,,NOT_MEASURED,,NOT_MEASURED,225,NOT_MEASURED,NOT_MEASURED,MEASURED,2026-08-26,225,,MEASURED,YES,YES,YES,NOT_OBSERVED,MEASURED,печать велеса,2026-08-26,YES,MEASURED,,,OBSERVED,NO,NOT_APPLICABLE,,,,,,NOT_APPLICABLE,,,,NOT_MEASURED,NOT_MEASURED,HIGH,HIGH,HIGH,HIGH,,,NOT_APPLICABLE,,,,,,,KEEP,Stage 05: strongest hybrid named-symbol family; direct commercial base + repeatable meaning layer + specialist owned-asset leverage.,R1 final broad=3330 overrides older pilot 3350; exact final Wordstat measurement_id not backfilled. Browser has embedded Alice and People-search meaning branches.
1.1,q_16798cf404fd,оберег в машину,automotive,commercial_research,SEED;WORDSTAT;SERP_QUERY;BROWSER_SERP;ALICE,2026-08-04,2026-08-26,,m_yandex_serp_20260826_6f75b1dc,m_alice_20260826_16798cf4_chat,,MEASURED,1405,MEASURED,96,MEASURED,,NOT_MEASURED,1297,MEASURED,100,MEASURED,225,NOT_MEASURED,NOT_MEASURED,MEASURED,2026-08-26,225,,MEASURED,YES,YES,YES,OBSERVED,MEASURED,оберег в машину,2026-08-26,YES,MEASURED,,,NOT_OBSERVED,NO,NOT_APPLICABLE,,,,,,NOT_APPLICABLE,,,,NOT_MEASURED,NOT_MEASURED,HIGH,MEDIUM,HIGH,HIGH,,,NOT_APPLICABLE,,,,,,,KEEP,Stage 05: automotive protection is a query-native mobile-first selection + commerce opportunity.,"R1 final broad=1405 overrides older pilot 1388; exact final Wordstat measurement_id not backfilled. Desktop: large Popular products block. Touch/emulated-mobile: Livemaster, m.Avito, Happy Witch, Slavyarmarka, WB lead before ads; no rich product block/embedded Alice observed."
1.1,q_cc67e8b8507f,подвеска на зеркало в машину,automotive,commercial_research,SEED;WORDSTAT;SERP_QUERY;BROWSER_SERP;ALICE,2026-08-04,2026-08-26,,m_yandex_serp_20260826_4a7c4eb2,m_alice_20260826_cc67e8b8_chat,,MEASURED,1074,MEASURED,266,MEASURED,,NOT_MEASURED,,NOT_MEASURED,,NOT_MEASURED,225,NOT_MEASURED,NOT_MEASURED,MEASURED,2026-08-26,225,,MEASURED,YES,NO,NO,OBSERVED,MEASURED,подвеска на зеркало в машину,2026-08-26,YES,MEASURED,,,NOT_OBSERVED,NO,NOT_APPLICABLE,,,,,,NOT_APPLICABLE,,,,NOT_MEASURED,NOT_MEASURED,HIGH,MEDIUM,HIGH,LOW,,,NOT_APPLICABLE,,,,,,,INVESTIGATE,Stage 05: strong form-factor commerce but commodity/decor pressure weakens owned-asset leverage; differentiation must be proven.,R1 final broad=1074 overrides older pilot 973; exact final Wordstat measurement_id not backfilled. Desktop rich shopping block observed; Alice includes direct products.
1.1,q_67a951306107,вегвизир,norse_entity,commercial_research,WORDSTAT;SERP_QUERY;BROWSER_SERP;ALICE,2026-08-04,2026-08-26,,m_yandex_serp_20260826_3fb74d56,m_alice_20260826_67a95130_embedded,,MEASURED,5938,MEASURED,1541,MEASURED,,NOT_MEASURED,,NOT_MEASURED,,NOT_MEASURED,225,NOT_MEASURED,NOT_MEASURED,MEASURED,2026-08-26,225,,MEASURED,YES,NO,YES,NOT_MEASURED,MEASURED,вегвизир,2026-08-26,YES,MEASURED,,,NOT_OBSERVED,NO,NOT_APPLICABLE,,,,,,NOT_APPLICABLE,,,,NOT_MEASURED,NOT_MEASURED,HIGH,HIGH,MEDIUM,HIGH,,,NOT_APPLICABLE,,,,,,,KEEP,Stage 05: high-demand Vegvisir family with strong meaning/source opportunity; not all entity demand is product intent.,R1 final broad/quoted accepted; exact Wordstat measurement_id not backfilled. Alice preserves Huld 1860 / non-Viking-age correction.
1.1,q_bceef2201e2d,талисман знак зодиака,zodiac,informational,WORDSTAT;SERP_QUERY;BROWSER_SERP;ALICE,2026-08-04,2026-08-26,,m_yandex_serp_20260826_af98649b,m_alice_20260826_bceef220_embedded,,MEASURED,3422,MEASURED,21,MEASURED,,NOT_MEASURED,,NOT_MEASURED,,NOT_MEASURED,225,NOT_MEASURED,NOT_MEASURED,MEASURED,2026-08-26,225,,MEASURED,YES,YES,YES,NOT_OBSERVED,MEASURED,талисман знак зодиака,2026-08-26,YES,MEASURED,,,OBSERVED,NO,NOT_APPLICABLE,,,,,,NOT_APPLICABLE,,,,NOT_MEASURED,NOT_MEASURED,MEDIUM,HIGH,LOW,LOW,,,NOT_APPLICABLE,,,,,,,REJECT_AS_PRIMARY,Stage 05: broad zodiac is heavily contaminated by stones/jewelry despite high Alice usefulness; not a primary Blood & Sand acquisition lane.,"R1 final broad=3422, quoted=21; exact Wordstat measurement_id not backfilled. Browser People-search is stone-oriented; Alice 30 sources + 3 fan-outs."
1.1,q_8d11f0813741,алатырь оберег,slavic_symbol,commercial_research,WORDSTAT;SERP_QUERY;BROWSER_SERP;ALICE,2026-08-04,2026-08-26,,m_yandex_serp_20260826_cedfa61b,m_alice_20260826_8d11f081_embedded,,MEASURED,1878,MEASURED,,NOT_MEASURED,,NOT_MEASURED,,NOT_MEASURED,,NOT_MEASURED,225,NOT_MEASURED,NOT_MEASURED,MEASURED,2026-08-26,225,,MEASURED,YES,YES,YES,NOT_MEASURED,MEASURED,алатырь оберег,2026-08-26,YES,PARTIAL,,,NOT_OBSERVED,NO,NOT_APPLICABLE,,,,,,NOT_APPLICABLE,,,,NOT_MEASURED,NOT_MEASURED,HIGH,HIGH,HIGH,HIGH,,,NOT_APPLICABLE,,,,,,,KEEP,"Stage 05: strong named-symbol opportunity with demand, commerce, Alice meaning and direct Blood & Sand marketplace visibility.",R1 final broad=1878; exact Wordstat measurement_id not backfilled. WB Search snippet directly exposed Blood & Sand marketplace product; Alice answer partial but sources captured.
1.1,q_19f41f3ff755,оберег велес,slavic_symbol,commercial_research,WORDSTAT;SERP_QUERY;ALICE,2026-08-04,2026-08-26,,m_yandex_serp_20260826_333632c7,m_alice_20260826_19f41f3f_chat,,MEASURED,1507,MEASURED,,NOT_MEASURED,,NOT_MEASURED,,NOT_MEASURED,,NOT_MEASURED,225,NOT_MEASURED,NOT_MEASURED,MEASURED,2026-08-26,225,,MEASURED,YES,YES,YES,NOT_MEASURED,MEASURED,оберег велес,2026-08-26,YES,MEASURED,,,NOT_OBSERVED,NO,NOT_APPLICABLE,,,,,,NOT_APPLICABLE,,,,NOT_MEASURED,NOT_MEASURED,HIGH,HIGH,HIGH,HIGH,,,NOT_APPLICABLE,,,,,,,INVESTIGATE,Stage 05: strong broader Veles family opportunity; kept under investigation only because overlap with Печать Велеса must be resolved with SKU hierarchy.,R1 final broad=1507; exact Wordstat measurement_id not backfilled. Alice includes 3 direct products and strong specialist-source representation.
1.1,q_b373158a2c50,подарок мужчине в машину,gift,commercial_research,WORDSTAT;SERP_QUERY;ALICE,2026-08-04,2026-08-26,,m_yandex_serp_20260826_bf569343,m_alice_20260826T0844Z_b373158a,,MEASURED,1070,MEASURED,,NOT_MEASURED,,NOT_MEASURED,,NOT_MEASURED,,NOT_MEASURED,225,NOT_MEASURED,NOT_MEASURED,MEASURED,2026-08-26,225,,MEASURED,YES,YES,YES,NOT_MEASURED,MEASURED,подарок мужчине в машину,2026-08-26,YES,MEASURED,,,NOT_OBSERVED,NO,NOT_APPLICABLE,,,,,,NOT_APPLICABLE,,,,NOT_MEASURED,NOT_MEASURED,HIGH,LOW,LOW,LOW,,,NOT_APPLICABLE,,,,,,,REJECT_AS_PRIMARY,Stage 05: real gift demand but clean Alice shows weak default pendant/amulet fit.,R1 final current signal=1070; exact Wordstat measurement_id not backfilled. Clean Alice rerun excludes prior context-contaminated run and contains no organic symbolic category.
1.1,q_c2f45c10ecf5,подарок автомобилисту,gift,commercial_research,SEED;WORDSTAT;SERP_QUERY;BROWSER_SERP;ALICE,2026-08-04,2026-08-26,m_wordstat_20260810_81b917e1,m_yandex_serp_20260826_04b66634,m_alice_20260826_c2f45c10_serp,,MEASURED,1192,MEASURED,,NOT_MEASURED,,NOT_MEASURED,,NOT_MEASURED,,NOT_MEASURED,225,NOT_MEASURED,NOT_MEASURED,MEASURED,2026-08-26,225,,MEASURED,YES,YES,YES,NOT_MEASURED,MEASURED,подарок автомобилисту,2026-08-26,YES,MEASURED,,,OBSERVED,NO,NOT_APPLICABLE,,,,,,NOT_APPLICABLE,,,,NOT_MEASURED,NOT_MEASURED,HIGH,LOW,LOW,LOW,,,NOT_APPLICABLE,,,,,,,REJECT_AS_PRIMARY,"Stage 05: broad automotive gift demand is real, but pendant is only one optional answer rather than the query-native default.",Wordstat 1192 is historical signal. Browser WB snippet contains wolf pendant as one option; Alice answer is broad practical gifts with no amulet category.
1.1,q_ddc00bf51857,печать велеса значение,meaning,informational,SEED;WORDSTAT;SERP_QUERY,2026-08-04,2026-08-26,m_wordstat_20260805_6660bfb5,m_search_20260826_ddc00bf5,,,MEASURED,617,MEASURED,,NOT_MEASURED,,NOT_MEASURED,,NOT_MEASURED,,NOT_MEASURED,225,NOT_MEASURED,NOT_MEASURED,MEASURED,2026-08-26,225,,MEASURED,NO,YES,YES,NOT_MEASURED,NOT_MEASURED,,,,,,,,,NOT_APPLICABLE,,,,,,NOT_APPLICABLE,,,,NOT_MEASURED,NOT_MEASURED,HIGH,HIGH,MEDIUM,HIGH,,,NOT_APPLICABLE,,,,,,,KEEP,Stage 05 supporting lane: explicit meaning query is a distinct explanatory job with specialist commerce embedded in the SERP.,Legacy Wordstat broad=617. Secondary Search A2: slavyanskieoberegi.ru #1/#7/#9/#10; no Yandex Market/Ozon/WB in Top-10.
1.1,q_f31b17922a59,оберег по знаку зодиака,zodiac,informational,WORDSTAT;SERP_QUERY,2026-08-26,2026-08-26,,m_search_20260826_f31b1792,,,MEASURED,710,MEASURED,,NOT_MEASURED,,NOT_MEASURED,,NOT_MEASURED,,NOT_MEASURED,225,NOT_MEASURED,NOT_MEASURED,MEASURED,2026-08-26,225,,MEASURED,YES,YES,YES,NOT_MEASURED,NOT_MEASURED,,,,,,,,,NOT_APPLICABLE,,,,,,NOT_APPLICABLE,,,,NOT_MEASURED,NOT_MEASURED,MEDIUM,HIGH,LOW,LOW,,,NOT_APPLICABLE,,,,,,,REJECT_AS_PRIMARY,Stage 05: narrower zodiac wording still inherits stones/jewelry/marketplace contamination.,R1 final broad=710; exact Wordstat measurement_id not backfilled. Secondary A1 direct Search.
1.1,q_aa4ac349a92c,амулет в машину,automotive,commercial_research,WORDSTAT;SERP_QUERY,2026-08-26,2026-08-26,,m_search_20260826_aa4ac349,,,MEASURED,404,MEASURED,,NOT_MEASURED,,NOT_MEASURED,,NOT_MEASURED,,NOT_MEASURED,225,NOT_MEASURED,NOT_MEASURED,MEASURED,2026-08-26,225,,MEASURED,YES,YES,YES,NOT_MEASURED,NOT_MEASURED,,,,,,,,,NOT_APPLICABLE,,,,,,NOT_APPLICABLE,,,,NOT_MEASURED,NOT_MEASURED,MEDIUM,UNKNOWN,HIGH,HIGH,,,NOT_APPLICABLE,,,,,,,KEEP,"Stage 05 supporting query: direct Search proves this is semantic coverage of automotive protection, not a separate opportunity.",R1 final broad=404; exact Wordstat measurement_id not backfilled. Secondary A3 direct Search.
1.1,q_99eac125dfed,вегвизир значение,meaning,informational,SERP_QUERY,2026-08-26,2026-08-26,,m_search_20260826_99eac125,,,NOT_MEASURED,,NOT_MEASURED,,NOT_MEASURED,,NOT_MEASURED,,NOT_MEASURED,,NOT_MEASURED,,NOT_MEASURED,NOT_MEASURED,MEASURED,2026-08-26,225,,MEASURED,NO,YES,YES,NOT_MEASURED,NOT_MEASURED,,,,,,,,,NOT_APPLICABLE,,,,,,NOT_APPLICABLE,,,,NOT_MEASURED,NOT_MEASURED,UNKNOWN,UNKNOWN,LOW,HIGH,,,NOT_APPLICABLE,,,,,,,KEEP,"Stage 05 supporting lane: exact meaning query has no direct Wordstat/Alice measurement, but Search proves a distinct explanatory/source job.",Direct Wordstat count for this exact secondary not established in canonical R1; do not infer from base `вегвизир` volume.
1.1,q_136048babfad,шлем ужаса оберег,norse_symbol,commercial_research,WORDSTAT;SERP_QUERY,2026-08-26,2026-08-26,,m_search_20260826_136048ba,,,MEASURED,474,MEASURED,,NOT_MEASURED,,NOT_MEASURED,,NOT_MEASURED,,NOT_MEASURED,225,NOT_MEASURED,NOT_MEASURED,MEASURED,2026-08-26,225,,MEASURED,YES,YES,YES,NOT_MEASURED,NOT_MEASURED,,,,,,,,,NOT_APPLICABLE,,,,,,NOT_APPLICABLE,,,,NOT_MEASURED,NOT_MEASURED,MEDIUM,UNKNOWN,HIGH,MEDIUM,,,NOT_APPLICABLE,,,,,,,INVESTIGATE,Stage 05: coherent named-symbol commerce opportunity; exact Alice usefulness remains unmeasured and requires later product/competitor follow-up.,R1 final broad=474; exact Wordstat measurement_id not backfilled. Secondary B2 direct Search.
