schema_version,measurement_id,source_type,evidence_mode,root_query_id,root_query_text,observed_at,observed_at_precision,region,device,device_status,operation,provider_request_id,result_count,result_count_status,raw_ref,source_ref,record_status,notes
1.1,m_yandex_serp_20260826_a794a881,SERP_QUERY,OBSERVED,q_806670c30a84,славянские обереги,2026-08-26,DATE,225,,NOT_MEASURED,search_provider,search-09aa3f63-f501-4dd7-903d-62223aff930a,10,MEASURED,marketing/research/R2_YANDEX_SEARCH_PRIMARY_SERP_2026-08-26.md,search-09aa3f63-f501-4dd7-903d-62223aff930a,VALID,Direct Search provider evidence; not browser UI/device-specific SERP.
1.1,m_yandex_serp_20260826_49ab5424,SERP_QUERY,OBSERVED,q_e624da6cb26d,печать велеса,2026-08-26,DATE,225,,NOT_MEASURED,search_provider,search-12a4010f-75a2-4748-8a39-27561f73ffbc,10,MEASURED,marketing/research/R2_YANDEX_SEARCH_PRIMARY_SERP_2026-08-26.md,search-12a4010f-75a2-4748-8a39-27561f73ffbc,VALID,Direct Search provider evidence; not browser UI/device-specific SERP.
1.1,m_yandex_serp_20260826_6f75b1dc,SERP_QUERY,OBSERVED,q_16798cf404fd,оберег в машину,2026-08-26,DATE,225,,NOT_MEASURED,search_provider,search-7236a7d2-9cb5-462d-aa90-49668e4b6c69,10,MEASURED,marketing/research/R2_YANDEX_SEARCH_PRIMARY_SERP_2026-08-26.md,search-7236a7d2-9cb5-462d-aa90-49668e4b6c69,VALID,Direct Search provider evidence; not browser UI/device-specific SERP.
1.1,m_yandex_serp_20260826_4a7c4eb2,SERP_QUERY,OBSERVED,q_cc67e8b8507f,подвеска на зеркало в машину,2026-08-26,DATE,225,,NOT_MEASURED,search_provider,search-f667a06f-56ba-4ba3-8c7b-c353ee83fccc,10,MEASURED,marketing/research/R2_YANDEX_SEARCH_PRIMARY_SERP_2026-08-26.md,search-f667a06f-56ba-4ba3-8c7b-c353ee83fccc,VALID,Direct Search provider evidence; not browser UI/device-specific SERP.
1.1,m_yandex_serp_20260826_3fb74d56,SERP_QUERY,OBSERVED,q_67a951306107,вегвизир,2026-08-26,DATE,225,,NOT_MEASURED,search_provider,search-ab2de857-7959-4968-a9f3-8b5d75cc51b2,10,MEASURED,marketing/research/R2_YANDEX_SEARCH_PRIMARY_SERP_2026-08-26.md,search-ab2de857-7959-4968-a9f3-8b5d75cc51b2,VALID,Direct Search provider evidence; not browser UI/device-specific SERP.
1.1,m_yandex_serp_20260826_af98649b,SERP_QUERY,OBSERVED,q_bceef2201e2d,талисман знак зодиака,2026-08-26,DATE,225,,NOT_MEASURED,search_provider,search-a59d7e42-69d4-4e10-9fcf-ff7108e6d415,10,MEASURED,marketing/research/R2_YANDEX_SEARCH_PRIMARY_SERP_2026-08-26.md,search-a59d7e42-69d4-4e10-9fcf-ff7108e6d415,VALID,Direct Search provider evidence; not browser UI/device-specific SERP.
1.1,m_yandex_serp_20260826_cedfa61b,SERP_QUERY,OBSERVED,q_8d11f0813741,алатырь оберег,2026-08-26,DATE,225,,NOT_MEASURED,search_provider,search-bd9baea9-119c-4ec2-93db-5302893f8996,10,MEASURED,marketing/research/R2_YANDEX_SEARCH_PRIMARY_SERP_2026-08-26.md,search-bd9baea9-119c-4ec2-93db-5302893f8996,VALID,Direct Search provider evidence; not browser UI/device-specific SERP.
1.1,m_yandex_serp_20260826_333632c7,SERP_QUERY,OBSERVED,q_19f41f3ff755,оберег велес,2026-08-26,DATE,225,,NOT_MEASURED,search_provider,search-de6f1c2c-d7c3-406a-84ad-a2a43a3bbe1d,10,MEASURED,marketing/research/R2_YANDEX_SEARCH_PRIMARY_SERP_2026-08-26.md,search-de6f1c2c-d7c3-406a-84ad-a2a43a3bbe1d,VALID,Direct Search provider evidence; not browser UI/device-specific SERP.
1.1,m_yandex_serp_20260826_bf569343,SERP_QUERY,OBSERVED,q_b373158a2c50,подарок мужчине в машину,2026-08-26,DATE,225,,NOT_MEASURED,search_provider,search-2e6f5d82-da75-4421-add8-8ffa0b880b20,10,MEASURED,marketing/research/R2_YANDEX_SEARCH_PRIMARY_SERP_2026-08-26.md,search-2e6f5d82-da75-4421-add8-8ffa0b880b20,VALID,Direct Search provider evidence; not browser UI/device-specific SERP.
1.1,m_yandex_serp_20260826_04b66634,SERP_QUERY,OBSERVED,q_c2f45c10ecf5,подарок автомобилисту,2026-08-26,DATE,225,,NOT_MEASURED,search_provider,search-70e6be3e-d119-41d3-9657-ec6f48d993be,10,MEASURED,marketing/research/R2_YANDEX_SEARCH_PRIMARY_SERP_2026-08-26.md,search-70e6be3e-d119-41d3-9657-ec6f48d993be,VALID,Direct Search provider evidence; not browser UI/device-specific SERP.
