schema_version,measurement_id,observation_id,source_type,evidence_mode,observation_kind,root_query_id,root_query_text,query_id,query_text,observed_at,observed_at_precision,region,device,raw_ref,source_ref,record_status,operation,total_count,total_count_status,count,count_status,relation_type,rank_in_response,notes
1.1,m_wordstat_20260804_0ec6b952,o_wordstat_20260804_0ec6b952_summary_0001,WORDSTAT,OBSERVED,wordstat_summary,q_a7bcbc7f088c,оберег печать велеса,q_a7bcbc7f088c,оберег печать велеса,2026-08-04,DATE,225,DEVICE_ALL,marketing/data/raw/wordstat/20260804__wordstat__gettop__obereg-pechat-velesa__225__all.json,wordstat-manual-bridge request_id=e8663431-b1ae-4f2d-a7a9-2983c65bb7a6,VALID,getTop,198,MEASURED,,NOT_APPLICABLE,SUMMARY,,GetTop totalCount; child counts overlap and are not summed.
1.1,m_wordstat_20260804_0ec6b952,o_wordstat_20260804_0ec6b952_phrase_0002,WORDSTAT,OBSERVED,wordstat_phrase,q_a7bcbc7f088c,оберег печать велеса,q_a7bcbc7f088c,оберег печать велеса,2026-08-04,DATE,225,DEVICE_ALL,marketing/data/raw/wordstat/20260804__wordstat__gettop__obereg-pechat-velesa__225__all.json,wordstat-manual-bridge request_id=e8663431-b1ae-4f2d-a7a9-2983c65bb7a6,VALID,getTop,,NOT_APPLICABLE,198,MEASURED,RESULT,1,
1.1,m_wordstat_20260804_0ec6b952,o_wordstat_20260804_0ec6b952_phrase_0003,WORDSTAT,OBSERVED,wordstat_phrase,q_a7bcbc7f088c,оберег печать велеса,q_7523fc448046,оберег печать велеса значение,2026-08-04,DATE,225,DEVICE_ALL,marketing/data/raw/wordstat/20260804__wordstat__gettop__obereg-pechat-velesa__225__all.json,wordstat-manual-bridge request_id=e8663431-b1ae-4f2d-a7a9-2983c65bb7a6,VALID,getTop,,NOT_APPLICABLE,44,MEASURED,RESULT,2,
1.1,m_wordstat_20260804_0ec6b952,o_wordstat_20260804_0ec6b952_phrase_0004,WORDSTAT,OBSERVED,wordstat_phrase,q_a7bcbc7f088c,оберег печать велеса,q_7b51a9730f08,славянский оберег печать велеса,2026-08-04,DATE,225,DEVICE_ALL,marketing/data/raw/wordstat/20260804__wordstat__gettop__obereg-pechat-velesa__225__all.json,wordstat-manual-bridge request_id=e8663431-b1ae-4f2d-a7a9-2983c65bb7a6,VALID,getTop,,NOT_APPLICABLE,42,MEASURED,RESULT,3,
1.1,m_wordstat_20260804_0ec6b952,o_wordstat_20260804_0ec6b952_phrase_0005,WORDSTAT,OBSERVED,wordstat_phrase,q_a7bcbc7f088c,оберег печать велеса,q_87581bea5f2a,оберег печать велеса медвежья,2026-08-04,DATE,225,DEVICE_ALL,marketing/data/raw/wordstat/20260804__wordstat__gettop__obereg-pechat-velesa__225__all.json,wordstat-manual-bridge request_id=e8663431-b1ae-4f2d-a7a9-2983c65bb7a6,VALID,getTop,,NOT_APPLICABLE,16,MEASURED,RESULT,4,
1.1,m_wordstat_20260804_0ec6b952,o_wordstat_20260804_0ec6b952_phrase_0006,WORDSTAT,OBSERVED,wordstat_phrase,q_a7bcbc7f088c,оберег печать велеса,q_0170a725c9c7,оберег печать велеса медвежья лапа,2026-08-04,DATE,225,DEVICE_ALL,marketing/data/raw/wordstat/20260804__wordstat__gettop__obereg-pechat-velesa__225__all.json,wordstat-manual-bridge request_id=e8663431-b1ae-4f2d-a7a9-2983c65bb7a6,VALID,getTop,,NOT_APPLICABLE,16,MEASURED,RESULT,5,
1.1,m_wordstat_20260804_0ec6b952,o_wordstat_20260804_0ec6b952_phrase_0007,WORDSTAT,OBSERVED,wordstat_phrase,q_a7bcbc7f088c,оберег печать велеса,q_a04b940c0d9a,славянский оберег печать велеса значение,2026-08-04,DATE,225,DEVICE_ALL,marketing/data/raw/wordstat/20260804__wordstat__gettop__obereg-pechat-velesa__225__all.json,wordstat-manual-bridge request_id=e8663431-b1ae-4f2d-a7a9-2983c65bb7a6,VALID,getTop,,NOT_APPLICABLE,16,MEASURED,RESULT,6,
1.1,m_wordstat_20260804_0ec6b952,o_wordstat_20260804_0ec6b952_phrase_0008,WORDSTAT,OBSERVED,wordstat_phrase,q_a7bcbc7f088c,оберег печать велеса,q_26260b28732e,оберег печать велеса значение для мужчины,2026-08-04,DATE,225,DEVICE_ALL,marketing/data/raw/wordstat/20260804__wordstat__gettop__obereg-pechat-velesa__225__all.json,wordstat-manual-bridge request_id=e8663431-b1ae-4f2d-a7a9-2983c65bb7a6,VALID,getTop,,NOT_APPLICABLE,13,MEASURED,RESULT,7,
1.1,m_wordstat_20260804_0ec6b952,o_wordstat_20260804_0ec6b952_phrase_0009,WORDSTAT,OBSERVED,wordstat_phrase,q_a7bcbc7f088c,оберег печать велеса,q_4e3df186efb3,печать велеса что означает оберег,2026-08-04,DATE,225,DEVICE_ALL,marketing/data/raw/wordstat/20260804__wordstat__gettop__obereg-pechat-velesa__225__all.json,wordstat-manual-bridge request_id=e8663431-b1ae-4f2d-a7a9-2983c65bb7a6,VALID,getTop,,NOT_APPLICABLE,12,MEASURED,RESULT,8,
1.1,m_wordstat_20260804_0ec6b952,o_wordstat_20260804_0ec6b952_phrase_0010,WORDSTAT,OBSERVED,wordstat_phrase,q_a7bcbc7f088c,оберег печать велеса,q_8931b3a01695,оберег печать велеса большой размер на стену,2026-08-04,DATE,225,DEVICE_ALL,marketing/data/raw/wordstat/20260804__wordstat__gettop__obereg-pechat-velesa__225__all.json,wordstat-manual-bridge request_id=e8663431-b1ae-4f2d-a7a9-2983c65bb7a6,VALID,getTop,,NOT_APPLICABLE,6,MEASURED,RESULT,9,
1.1,m_wordstat_20260804_0ec6b952,o_wordstat_20260804_0ec6b952_phrase_0011,WORDSTAT,OBSERVED,wordstat_phrase,q_a7bcbc7f088c,оберег печать велеса,q_7c264e8e3d27,славянский оберег для мужчин печать велеса,2026-08-04,DATE,225,DEVICE_ALL,marketing/data/raw/wordstat/20260804__wordstat__gettop__obereg-pechat-velesa__225__all.json,wordstat-manual-bridge request_id=e8663431-b1ae-4f2d-a7a9-2983c65bb7a6,VALID,getTop,,NOT_APPLICABLE,6,MEASURED,RESULT,10,
1.1,m_wordstat_20260804_0ec6b952,o_wordstat_20260804_0ec6b952_phrase_0012,WORDSTAT,OBSERVED,wordstat_phrase,q_a7bcbc7f088c,оберег печать велеса,q_46e48a753944,подвеска оберег печать велеса,2026-08-04,DATE,225,DEVICE_ALL,marketing/data/raw/wordstat/20260804__wordstat__gettop__obereg-pechat-velesa__225__all.json,wordstat-manual-bridge request_id=e8663431-b1ae-4f2d-a7a9-2983c65bb7a6,VALID,getTop,,NOT_APPLICABLE,5,MEASURED,RESULT,11,
1.1,m_wordstat_20260804_0ec6b952,o_wordstat_20260804_0ec6b952_phrase_0013,WORDSTAT,OBSERVED,wordstat_phrase,q_a7bcbc7f088c,оберег печать велеса,q_b6303a780bd0,оберег печать велеса медвежья лапа ярмарка мастеров,2026-08-04,DATE,225,DEVICE_ALL,marketing/data/raw/wordstat/20260804__wordstat__gettop__obereg-pechat-velesa__225__all.json,wordstat-manual-bridge request_id=e8663431-b1ae-4f2d-a7a9-2983c65bb7a6,VALID,getTop,,NOT_APPLICABLE,5,MEASURED,RESULT,12,
1.1,m_wordstat_20260804_0ec6b952,o_wordstat_20260804_0ec6b952_phrase_0014,WORDSTAT,OBSERVED,wordstat_phrase,q_a7bcbc7f088c,оберег печать велеса,q_6f53fba37c3e,заговор на оберег печать велеса,2026-08-04,DATE,225,DEVICE_ALL,marketing/data/raw/wordstat/20260804__wordstat__gettop__obereg-pechat-velesa__225__all.json,wordstat-manual-bridge request_id=e8663431-b1ae-4f2d-a7a9-2983c65bb7a6,VALID,getTop,,NOT_APPLICABLE,5,MEASURED,RESULT,13,
1.1,m_wordstat_20260804_0ec6b952,o_wordstat_20260804_0ec6b952_phrase_0015,WORDSTAT,OBSERVED,wordstat_phrase,q_a7bcbc7f088c,оберег печать велеса,q_628e8ea7df26,чери амулет 2007,2026-08-04,DATE,225,DEVICE_ALL,marketing/data/raw/wordstat/20260804__wordstat__gettop__obereg-pechat-velesa__225__all.json,wordstat-manual-bridge request_id=e8663431-b1ae-4f2d-a7a9-2983c65bb7a6,VALID,getTop,,NOT_APPLICABLE,1557,MEASURED,ASSOCIATION,1,"Association is lexical/similarity evidence, not a child result and not automatically relevant."
1.1,m_wordstat_20260804_0ec6b952,o_wordstat_20260804_0ec6b952_phrase_0016,WORDSTAT,OBSERVED,wordstat_phrase,q_a7bcbc7f088c,оберег печать велеса,q_7fd12edc782e,амулет мары,2026-08-04,DATE,225,DEVICE_ALL,marketing/data/raw/wordstat/20260804__wordstat__gettop__obereg-pechat-velesa__225__all.json,wordstat-manual-bridge request_id=e8663431-b1ae-4f2d-a7a9-2983c65bb7a6,VALID,getTop,,NOT_APPLICABLE,1035,MEASURED,ASSOCIATION,2,"Association is lexical/similarity evidence, not a child result and not automatically relevant."
1.1,m_wordstat_20260804_0ec6b952,o_wordstat_20260804_0ec6b952_phrase_0017,WORDSTAT,OBSERVED,wordstat_phrase,q_a7bcbc7f088c,оберег печать велеса,q_5cb97231ebef,амулет от сглаза,2026-08-04,DATE,225,DEVICE_ALL,marketing/data/raw/wordstat/20260804__wordstat__gettop__obereg-pechat-velesa__225__all.json,wordstat-manual-bridge request_id=e8663431-b1ae-4f2d-a7a9-2983c65bb7a6,VALID,getTop,,NOT_APPLICABLE,1687,MEASURED,ASSOCIATION,3,"Association is lexical/similarity evidence, not a child result and not automatically relevant."
1.1,m_wordstat_20260804_0ec6b952,o_wordstat_20260804_0ec6b952_phrase_0018,WORDSTAT,OBSERVED,wordstat_phrase,q_a7bcbc7f088c,оберег печать велеса,q_34faf29e9c1b,амулеты силксонг,2026-08-04,DATE,225,DEVICE_ALL,marketing/data/raw/wordstat/20260804__wordstat__gettop__obereg-pechat-velesa__225__all.json,wordstat-manual-bridge request_id=e8663431-b1ae-4f2d-a7a9-2983c65bb7a6,VALID,getTop,,NOT_APPLICABLE,681,MEASURED,ASSOCIATION,4,"Association is lexical/similarity evidence, not a child result and not automatically relevant."
1.1,m_wordstat_20260804_0ec6b952,o_wordstat_20260804_0ec6b952_phrase_0019,WORDSTAT,OBSERVED,wordstat_phrase,q_a7bcbc7f088c,оберег печать велеса,q_e0b08af63211,амулет мифов,2026-08-04,DATE,225,DEVICE_ALL,marketing/data/raw/wordstat/20260804__wordstat__gettop__obereg-pechat-velesa__225__all.json,wordstat-manual-bridge request_id=e8663431-b1ae-4f2d-a7a9-2983c65bb7a6,VALID,getTop,,NOT_APPLICABLE,297,MEASURED,ASSOCIATION,5,"Association is lexical/similarity evidence, not a child result and not automatically relevant."
1.1,m_wordstat_20260804_0ec6b952,o_wordstat_20260804_0ec6b952_phrase_0020,WORDSTAT,OBSERVED,wordstat_phrase,q_a7bcbc7f088c,оберег печать велеса,q_0961afcba36f,амулет 371,2026-08-04,DATE,225,DEVICE_ALL,marketing/data/raw/wordstat/20260804__wordstat__gettop__obereg-pechat-velesa__225__all.json,wordstat-manual-bridge request_id=e8663431-b1ae-4f2d-a7a9-2983c65bb7a6,VALID,getTop,,NOT_APPLICABLE,1036,MEASURED,ASSOCIATION,6,"Association is lexical/similarity evidence, not a child result and not automatically relevant."
1.1,m_wordstat_20260804_0ec6b952,o_wordstat_20260804_0ec6b952_phrase_0021,WORDSTAT,OBSERVED,wordstat_phrase,q_a7bcbc7f088c,оберег печать велеса,q_849b21f3eb5b,славянские амулеты,2026-08-04,DATE,225,DEVICE_ALL,marketing/data/raw/wordstat/20260804__wordstat__gettop__obereg-pechat-velesa__225__all.json,wordstat-manual-bridge request_id=e8663431-b1ae-4f2d-a7a9-2983c65bb7a6,VALID,getTop,,NOT_APPLICABLE,2053,MEASURED,ASSOCIATION,7,"Association is lexical/similarity evidence, not a child result and not automatically relevant."
1.1,m_wordstat_20260804_0ec6b952,o_wordstat_20260804_0ec6b952_phrase_0022,WORDSTAT,OBSERVED,wordstat_phrase,q_a7bcbc7f088c,оберег печать велеса,q_bec41d78b7c8,смотреть фильм школа магических зверей,2026-08-04,DATE,225,DEVICE_ALL,marketing/data/raw/wordstat/20260804__wordstat__gettop__obereg-pechat-velesa__225__all.json,wordstat-manual-bridge request_id=e8663431-b1ae-4f2d-a7a9-2983c65bb7a6,VALID,getTop,,NOT_APPLICABLE,1563,MEASURED,ASSOCIATION,8,"Association is lexical/similarity evidence, not a child result and not automatically relevant."
1.1,m_wordstat_20260804_0ec6b952,o_wordstat_20260804_0ec6b952_phrase_0023,WORDSTAT,OBSERVED,wordstat_phrase,q_a7bcbc7f088c,оберег печать велеса,q_74d2da743a9c,амулет с волшебным скорпионом,2026-08-04,DATE,225,DEVICE_ALL,marketing/data/raw/wordstat/20260804__wordstat__gettop__obereg-pechat-velesa__225__all.json,wordstat-manual-bridge request_id=e8663431-b1ae-4f2d-a7a9-2983c65bb7a6,VALID,getTop,,NOT_APPLICABLE,250,MEASURED,ASSOCIATION,9,"Association is lexical/similarity evidence, not a child result and not automatically relevant."
1.1,m_wordstat_20260804_0ec6b952,o_wordstat_20260804_0ec6b952_phrase_0024,WORDSTAT,OBSERVED,wordstat_phrase,q_a7bcbc7f088c,оберег печать велеса,q_6080481fe229,талисман великий щит с гербом дракона,2026-08-04,DATE,225,DEVICE_ALL,marketing/data/raw/wordstat/20260804__wordstat__gettop__obereg-pechat-velesa__225__all.json,wordstat-manual-bridge request_id=e8663431-b1ae-4f2d-a7a9-2983c65bb7a6,VALID,getTop,,NOT_APPLICABLE,167,MEASURED,ASSOCIATION,10,"Association is lexical/similarity evidence, not a child result and not automatically relevant."
1.1,m_wordstat_20260804_0ec6b952,o_wordstat_20260804_0ec6b952_phrase_0025,WORDSTAT,OBSERVED,wordstat_phrase,q_a7bcbc7f088c,оберег печать велеса,q_1b00c01a210a,амулет семи архангелов,2026-08-04,DATE,225,DEVICE_ALL,marketing/data/raw/wordstat/20260804__wordstat__gettop__obereg-pechat-velesa__225__all.json,wordstat-manual-bridge request_id=e8663431-b1ae-4f2d-a7a9-2983c65bb7a6,VALID,getTop,,NOT_APPLICABLE,667,MEASURED,ASSOCIATION,11,"Association is lexical/similarity evidence, not a child result and not automatically relevant."
1.1,m_wordstat_20260804_0ec6b952,o_wordstat_20260804_0ec6b952_phrase_0026,WORDSTAT,OBSERVED,wordstat_phrase,q_a7bcbc7f088c,оберег печать велеса,q_2d01077a28e1,амулет на удачу,2026-08-04,DATE,225,DEVICE_ALL,marketing/data/raw/wordstat/20260804__wordstat__gettop__obereg-pechat-velesa__225__all.json,wordstat-manual-bridge request_id=e8663431-b1ae-4f2d-a7a9-2983c65bb7a6,VALID,getTop,,NOT_APPLICABLE,915,MEASURED,ASSOCIATION,12,"Association is lexical/similarity evidence, not a child result and not automatically relevant."
1.1,m_wordstat_20260804_0ec6b952,o_wordstat_20260804_0ec6b952_phrase_0027,WORDSTAT,OBSERVED,wordstat_phrase,q_a7bcbc7f088c,оберег печать велеса,q_fca79f51e120,холщовый талисман стаи,2026-08-04,DATE,225,DEVICE_ALL,marketing/data/raw/wordstat/20260804__wordstat__gettop__obereg-pechat-velesa__225__all.json,wordstat-manual-bridge request_id=e8663431-b1ae-4f2d-a7a9-2983c65bb7a6,VALID,getTop,,NOT_APPLICABLE,136,MEASURED,ASSOCIATION,13,"Association is lexical/similarity evidence, not a child result and not automatically relevant."
1.1,m_wordstat_20260804_0ec6b952,o_wordstat_20260804_0ec6b952_phrase_0028,WORDSTAT,OBSERVED,wordstat_phrase,q_a7bcbc7f088c,оберег печать велеса,q_20108bc48547,талисман щит с гербом дракона,2026-08-04,DATE,225,DEVICE_ALL,marketing/data/raw/wordstat/20260804__wordstat__gettop__obereg-pechat-velesa__225__all.json,wordstat-manual-bridge request_id=e8663431-b1ae-4f2d-a7a9-2983c65bb7a6,VALID,getTop,,NOT_APPLICABLE,330,MEASURED,ASSOCIATION,14,"Association is lexical/similarity evidence, not a child result and not automatically relevant."
1.1,m_wordstat_20260804_0ec6b952,o_wordstat_20260804_0ec6b952_phrase_0029,WORDSTAT,OBSERVED,wordstat_phrase,q_a7bcbc7f088c,оберег печать велеса,q_939f099cc849,символ перуна у славян,2026-08-04,DATE,225,DEVICE_ALL,marketing/data/raw/wordstat/20260804__wordstat__gettop__obereg-pechat-velesa__225__all.json,wordstat-manual-bridge request_id=e8663431-b1ae-4f2d-a7a9-2983c65bb7a6,VALID,getTop,,NOT_APPLICABLE,105,MEASURED,ASSOCIATION,15,"Association is lexical/similarity evidence, not a child result and not automatically relevant."
